generation,best_fitness,avg_fitness
0,13.703775111775562,27.83792012039637
1,12.506714160110624,24.806299616340162
2,9.32098036638734,22.16027666627574
